Merge commit,Parent 1,Parent 2
bedfcb696073507433d86376e51c05b58efd9eb9,15d0103d,d9950d21
f5e351c08e78f37de703035031ef812896ac1357,78bf9da9,4c9c0d8a
2dfa00f1495cbb923d3852353eacaa29003dd381,c367bd7e,7e37a030
0ecfb0d40c58b472a229feb12085aa88402a31b1,268e4d1e,6238e1d3
50448f73e603234af989e7e3daa60cb3ec5f9625,24e11a68,36570b66
cb60356d034055610a5c4b7f25dbc7b23a44ecf1,11d92e2e,ba34be08
5a89cb9f38036521f2de259c72fb37b67be02c92,4f45ff44,0eead376
3aadba6c226ba0e1702dab632cac708d8d8c77ec,5902e57b,090aac1d
d93f21df29f191d709bdb15537f8c0a838d4383b,e450f35d,cdd34226
1055149889041449280c4ebbbf7d6ee178a17b50,1c2612b0,d93f21df
62e253a365fede720a5bc3d34e9efa66b73b120e,32d99e6d,5d2885ef
0daa8c03561a3d62e9fc830fa090f24947f6fae4,0f8a56f0,8b77fc2a
ff28e37f22d3286c10174859358ee926c391c03b,8c59ac7b,f95c5071
8734ad407cdd5d33d937b13e2e3efa2437ad18bb,ff28e37f,98be70a6
c7f266fc712d745f49a035f83351ea0f9fc566a2,129cf338,98be70a6
2bc843a2fea31566f1867f7c38fa4a3d1e23cb99,1de4f2b4,d0cf7509
3a6317341058ef898d6848fb1fcee3d8adb182a1,36337ef7,609b537c
d1503425726c92cb17eb2edf0da76301f84e78d9,38ce8dd9,f2740582
f56cc119661798e58aa029f45957d6a67c2c2a2f,1b783dd9,d1503425
cf6ad2d40a0856a1248de7aebf15a33af27f542e,98be70a6,646c55f5
ad9d12274e6f4085d7de42742639ce38be0d893c,805a0339,cf6ad2d4
2fecf222b0fd700b626ab95a75e14c16e247dbe6,803f0976,42681c28
a1d67906c5b3611f0cf642445ec08fa158b039e3,0cf61c5b,44ec742b
a01ebae800c3b3289854481c5bcfd609467af296,cf6ad2d4,2d9dbeb0
01c32c557b9b0b59f746d924dd076f3323df0683,d762804f,bb69ffe6
300fce0cf2f0f559dbb993aca12b8153dc656e28,7ade9305,01c32c55
4b8b26df2ee5017ec09f4d8eafa04b9e811dbbdd,317fb4a8,1208bee0
433301e7f80747a768bb972543a5a121a63f6960,cfe727cc,94e941c9
ea9b1d759e8853fb1b942729272ec8768920b964,b6201c5b,433301e7
efabe91a41da5572496fd9bb6b97b29fc8769483,221f6690,ea9b1d75
998044081672aaf2688e521e354eda34010ee270,c13c5fc7,2ea4cf43
edd98f9debcc6309cada9d051cd57b921429679a,5292ce7c,99804408
2094d1bd5bc61875a31fd6b9038c6f7fb354f429,32db85b0,edd98f9d
a2b2a317ed20489d3b4a533d94c4f2780f2a5475,99b0e512,2094d1bd
3c885dfe075f9b97563e48fe6403bcd26f1c5fb2,d3572f24,d1b779e0
ac2fa8345eea25ad9aa19a780dfa6e200683407f,d3572f24,d1b779e0
f6bfcebc06fa2aacf4e48ce49cbec6cd6d7ae0c7,208c92cc,3c885dfe
64d6b8931f8122896422a2d3084731fb575041c4,7a1d9994,f6bfcebc
f702d444d064dfe6305532be87705811e79233f9,6c226653,d62d8e64
2ecd10cf3c91917810555f3415c3899aa80ce992,c4c46ea6,ccf43ecd
4b340c2ae12edb5144e719e37fbf896e36c35ba3,aa6faf26,20a249c1
36a94b8a8013fcea3774678e5199963432faa230,750be91c,5c8346e0
03f7b25fdbe760554ca6f5bd1404190d5f97acfa,e8922100,750be91c
87d6e420c316a9e91f18ed1b0da1b918d90b9304,a5f9d09f,60f12f1c
dc20ccae32bcf050730db969e27c114f88ec6765,d4458155,58239351
a54051fc0515866bea6f89cb483229a1cececc55,1d210c31,45f21e5d
2b21067a3eac79f03ff8eb425ecaf506c43d676c,397ed034,ab74362f
dabbe3b91eb96cda64566f34a2373e2855164167,313ca17e,ed4ec253
fad8f895c397088bf88d7f0723d03eba550e39df,c36fa1cc,2c5fc5ef
67d53e4424570443195b88b20253453a16b17ae3,3e98bb7e,cfa6f7e0
6f42a1808ff331f608944841db56c384ae8e777f,ee7c5a9c,fad8f895
c48b5942450bb2b7f6d45a0eec609c533820a988,6f42a180,67d53e44
87df5d31090222c3fda603521eeef329ba2eed00,43ce13cd,538b4d1a
69543050642d5e9d59d3f8524a39c32df5492c4f,984ec87e,7180d332
19b11b4198c310dd015f8222507a2121a66ca94e,2411cad5,cfa8693e
db81f162e540155e12d9ea07ddfadc0f5f1a9c1b,e901dd4b,315f030a
